USIP/N,ManufacturerName,ManufacturerP/N
06-200070-03,MURATA,GJM0335C1HR20WB01D
06-300000-04,MURATA,GJM0335C1HR30WB01D
06-300005-01,MURATA,GJM0335C1HR40WB01D
06-300185-05,MURATA,GJM0335C1HR50WB01D
06-200097-03,MURATA,GJM0335C1HR60WB01D
06-200065-02,MURATA,GJM0335C1HR70WB01D
06-200066-02,MURATA,GJM0335C1HR80WB01D
06-200905-02,MURATA,GJM0335C1HR90WB01D
06-201061-02,MURATA,GJM0335C1H1R1BB01D
06-201097-02,MURATA,GJM0335C1H1R3BB01D
06-301015-01,MURATA,GJM0335C1H1R4BB01D
06-301000-02,MURATA,GJM0335C1H1R6BB01D
06-201127-01,MURATA,GJM0335C1H1R7BB01D
06-201126-01,MURATA,GJM0335C1H1R9BB01D
06-302091-06,MURATA,GJM0335C1H2R0BB01D
06-202096-01,MURATA,GJM0335C1H2R1BB01D
06-202097-01,MURATA,GJM0335C1H2R3BB01D
06-202090-03,MURATA,GJM0335C1H2R4BB01D
06-202095-01,MURATA,GJM0335C1H2R5BB01D
06-202098-01,MURATA,GJM0335C1H2R6BB01D
06-202099-01,MURATA,GJM0335C1H2R8BB01D
06-302003-01,MURATA,GJM0335C1H2R9BB01D
06-303004-01,MURATA,GJM0335C1H3R0BB01D
06-303005-01,MURATA,GJM0335C1H3R1BB01D
06-303008-01,MURATA,GJM0335C1H3R2BB01D
06-303009-01,MURATA,GJM0335C1H3R4BB01D
06-303006-01,MURATA,GJM0335C1H3R5BB01D
06-303010-01,MURATA,GJM0335C1H3R6BB01D
06-303007-01,MURATA,GJM0335C1H3R7BB01D
06-204029-03,MURATA,GJM0335C1H4R3BB01D
06-204061-01,MURATA,GJM0335C1H4R8BB01D
06-205087-01,MURATA,GJM0335C1H5R1BB01D
06-206053-04,MURATA,GJM0335C1H6R2BB01D
06-207013-02,MURATA,GJM0335C1E7R5BB01D
06-209010-03,MURATA,GJM0335C1E9R1BB01D
27-196109-03,MURATA,LQP03TG11NH02D
27-191166S02,MURATA,LQP03TG12NH02D
27-196110-02,MURATA,LQP03TG13NH02D
27-100096-07,MURATA,LQP03TG15NH02D
27-196111-04,MURATA,LQP03TG16NH02D
27-192111-07,MURATA,LQP03TG18NH02D
27-194906-02,MURATA,LQP03TG20NH02D
27-095216-04,MURATA,LQP03TG22NH02D
27-197227-04,MURATA,LQP03TG24NH02D
27-192109-02,MURATA,LQP03TG27NH02D
27-133004-05,MURATA,LQP03TG33NJ02D
27-191024-05,MURATA,LQP03TG39NJ02D
27-100066-05,MURATA,LQP03TG47NJ02D
27-047218-02,MURATA,LQP03TG3N7B02D
27-191251-04,MURATA,LQP03TG3N8B02D
27-191847-07,MURATA,LQP03TG3N9B02D
27-191232-04,MURATA,LQP03TG4N3H02D
27-047215-04,MURATA,LQP03TG4N7H02D
27-100094-06,MURATA,LQP03TG5N1H02D
27-192112-02,MURATA,LQP03TG5N6H02D
27-191844-03,MURATA,LQP03TG6N2H02D
27-190840-05,MURATA,LQP03TG6N8H02D
27-190845-05,MURATA,LQP03TG7N5H02D
27-190843-08,MURATA,LQP03TG8N2H02D
27-192110-02,MURATA,LQP03TG9N1H02D
27-047216-01,MURATA,LQP03TG10NH02D
06-201032-06,MURATA,GRM0335C1H1R0CA01D
06-201075-07,MURATA,GRM0335C1H1R2CA01D
06-201031-05,MURATA,GRM0335C1H1R5CA01D
06-201076-06,MURATA,GRM0335C1H1R8CA01D
06-202028-06,MURATA,GRM0335C1H2R2CA01D
06-227905-04,MURATA,GRM0335C1H2R7CA01D
06-203018-05,MURATA,GRM0335C1H3R3CA01D
06-203106-05,MURATA,GRM0335C1H3R9CA01D
06-247911-05,MURATA,GRM0335C1H4R7CA01D
06-205016-02,MURATA,GRM0335C1H5R6CA01D
06-206098-02,MURATA,GRM0335C1H6R8CA01D
06-208030-04,MURATA,GRM0335C1H8R2CA01D
06-210035-08,MURATA,GRM0335C1H100JA01D
06-212026-05,MURATA,GRM0335C1H120JA01D
06-215032-05,MURATA,GRM0335C1H150JA01D
06-218022-05,MURATA,GRM0335C1H180JA01D
06-222032-08,MURATA,GRM0335C1H220JA01D
06-227027-02,MURATA,GRM0335C1H270JA01D
06-233039-09,MURATA,GRM0335C1H330JA01D
06-201032-06,MURATA,GRM0335C1H1R0CA01D
06-201075-07,MURATA,GRM0335C1H1R2CA01D
06-201031-05,MURATA,GRM0335C1H1R5CA01D
06-201076-06,MURATA,GRM0335C1H1R8CA01D
06-202028-06,MURATA,GRM0335C1H2R2CA01D
06-227905-04,MURATA,GRM0335C1H2R7CA01D
06-203018-05,MURATA,GRM0335C1H3R3CA01D
06-203106-05,MURATA,GRM0335C1H3R9CA01D
06-247911-05,MURATA,GRM0335C1H4R7CA01D
06-205016-02,MURATA,GRM0335C1H5R6CA01D
06-206098-02,MURATA,GRM0335C1H6R8CA01D
06-208030-04,MURATA,GRM0335C1H8R2CA01D
06-210035-08,MURATA,GRM0335C1H100JA01D
06-212026-05,MURATA,GRM0335C1H120JA01D
06-215032-05,MURATA,GRM0335C1H150JA01D
06-218022-05,MURATA,GRM0335C1H180JA01D
06-222032-08,MURATA,GRM0335C1H220JA01D
06-227027-02,MURATA,GRM0335C1H270JA01D
06-233039-09,MURATA,GRM0335C1H330JA01D
06-200091-02,MURATA,GRM0225C1CR20WA03D
06-200049-02,MURATA,GRM0225C1ER20WA03D
06-200092-02,MURATA,GRM0225C1CR30WA03D
06-200055-02,MURATA,GRM0225C1ER30WA03D
06-200406-02,MURATA,GRM0225C1CR40WA03D
06-200056-02,MURATA,GRM0225C1ER40WA03D
06-200090-04,MURATA,GRM0225C1CR50WA03D
06-200057-02,MURATA,GRM0225C1ER50WA03D
06-200068-04,MURATA,GRM0225C1CR60WA03D
06-200058-06,MURATA,GRM0225C1ER60WA03D
06-200703-02,MURATA,GRM0225C1CR70WA03D
06-200704-02,MURATA,GRM0225C1CR80WA03D
06-200902-03,MURATA,GRM0225C1CR90WA03D
06-200064-02,MURATA,GRM0225C1ER90WA03D
06-201045-08,MURATA,GRM0225C1C1R0BA03D
06-201046-06,MURATA,GRM0225C1C1R1BA03D
06-201063-06,MURATA,GRM0225C1E1R1BA03D
06-201047-04,MURATA,GRM0225C1C1R2BA03D
06-201064-02,MURATA,GRM0225C1E1R2BA03D
06-213907-07,MURATA,GRM0225C1C1R3BA03D
06-201066-06,MURATA,GRM0225C1E1R3BA03D
06-201095-03,MURATA,GRM0225C1C1R4BA03D
06-201067-02,MURATA,GRM0225C1E1R4BA03D
06-215919-04,MURATA,GRM0225C1C1R5BA03D
06-201068-02,MURATA,GRM0225C1E1R5BA03D
06-201048-04,MURATA,GRM0225C1C1R6BA03D
06-201104-02,MURATA,GRM0225C1C1R7BA03D
06-201049-05,MURATA,GRM0225C1C1R8BA03D
06-201096-03,MURATA,GRM0225C1C1R9BA03D
06-202035-08,MURATA,GRM0225C1C2R0BA03D
06-202053-03,MURATA,GRM0225C1C2R1BA03D
06-202032-08,MURATA,GRM0225C1C2R2BA03D
06-202057-02,MURATA,GRM0225C1C2R3BA03D
06-202036-04,MURATA,GRM0225C1C2R4BA03D
06-202046-02,MURATA,GRM0225C1E2R4BA03D
06-202058-02,MURATA,GRM0225C1C2R5BA03D
06-202054-05,MURATA,GRM0225C1C2R6BA03D
06-202037-04,MURATA,GRM0225C1C2R7BA03D
06-202049-03,MURATA,GRM0225C1E2R7BA03D
06-202059-02,MURATA,GRM0225C1C2R8BA03D
06-202061-02,MURATA,GRM0225C1C2R9BA03D
06-203011-07,MURATA,GRM0225C1C3R0BA03D
06-203045-04,MURATA,GRM0225C1E3R0BA03D
06-203057-03,MURATA,GRM0225C1C3R1BA03D
06-203058-03,MURATA,GRM0225C1C3R2BA03D
06-203027-04,MURATA,GRM0225C1C3R3BA03D
06-203048-04,MURATA,GRM0225C1E3R3BA03D
06-203066-02,MURATA,GRM0225C1C3R4BA03D
06-203059-03,MURATA,GRM0225C1C3R5BA03D
06-203028-03,MURATA,GRM0225C1C3R6BA03D
06-203052-02,MURATA,GRM0225C1E3R6BA03D
06-203067-02,MURATA,GRM0225C1C3R7BA03D
06-203068-02,MURATA,GRM0225C1C3R8BA03D
06-203029-04,MURATA,GRM0225C1C3R9BA03D
06-203055-06,MURATA,GRM0225C1E3R9BA03D
06-204026-04,MURATA,GRM0225C1C4R0BA03D
06-204000-02,MURATA,GRM0225C1E4R0BA03D
06-204053-02,MURATA,GRM0225C1C4R1BA03D
06-204054-02,MURATA,GRM0225C1C4R2BA03D
06-204021-07,MURATA,GRM0225C1C4R3BA03D
06-204035-06,MURATA,GRM0225C1E4R3BA03D
06-204055-02,MURATA,GRM0225C1C4R4BA03D
06-204056-02,MURATA,GRM0225C1C4R5BA03D
06-204049-03,MURATA,GRM0225C1C4R6BA03D
06-204022-07,MURATA,GRM0225C1C4R7BA03D
06-204046-02,MURATA,GRM0225C1E4R7BA03D
06-204050-03,MURATA,GRM0225C1C4R8BA03D
06-204057-02,MURATA,GRM0225C1C4R9BA03D
06-205021-08,MURATA,GRM0225C1C5R0BA03D
06-205022-04,MURATA,GRM0225C1C5R1BA03D
06-205036-02,MURATA,GRM0225C1C5R2BA03D
06-205020-03,MURATA,GRM0225C1C5R3BA03D
06-205037-02,MURATA,GRM0225C1C5R4BA03D
06-205038-02,MURATA,GRM0225C1C5R5BA03D
06-205034-03,MURATA,GRM0225C1C5R6BA03D
06-205039-02,MURATA,GRM0225C1C5R7BA03D
06-205040-02,MURATA,GRM0225C1C5R8BA03D
06-205082-02,MURATA,GRM0225C1C5R9BA03D
06-206040-03,MURATA,GRM0225C1C6R0BA03D
06-206029-02,MURATA,GRM0225C1E6R0BA03D
06-206041-03,MURATA,GRM0225C1C6R1BA03D
06-206017-03,MURATA,GRM0225C1C6R2BA03D
06-206042-03,MURATA,GRM0225C1C6R3BA03D
06-206049-02,MURATA,GRM0225C1C6R4BA03D
06-206050-02,MURATA,GRM0225C1C6R5BA03D
06-206051-02,MURATA,GRM0225C1C6R6BA03D
06-206043-03,MURATA,GRM0225C1C6R7BA03D
06-206044-04,MURATA,GRM0225C1C6R8BA03D
06-206027-03,MURATA,GRM0225C1E6R8BA03D
06-206045-03,MURATA,GRM0225C1C6R9BA03D
06-207016-03,MURATA,GRM0225C1C7R0BA03D
06-207027-03,MURATA,GRM0225C1C7R1BA03D
06-207045-02,MURATA,GRM0225C1C7R2BA03D
06-207028-03,MURATA,GRM0225C1C7R3BA03D
06-207046-02,MURATA,GRM0225C1C7R4BA03D
06-207047-02,MURATA,GRM0225C1C7R5BA03D
06-207048-02,MURATA,GRM0225C1C7R6BA03D
06-207029-03,MURATA,GRM0225C1C7R7BA03D
06-207049-02,MURATA,GRM0225C1C7R8BA03D
06-207035-03,MURATA,GRM0225C1C7R9BA03D
06-208054-06,MURATA,GRM0225C1C8R0BA03D
06-208055-03,MURATA,GRM0225C1C8R1BA03D
06-208035-08,MURATA,GRM0225C1C8R2BA03D
06-208017-02,MURATA,GRM0225C1E8R2BA03D
06-208056-03,MURATA,GRM0225C1C8R3BA03D
06-208064-02,MURATA,GRM0225C1C8R4BA03D
06-208057-03,MURATA,GRM0225C1C8R5BA03D
06-208063-02,MURATA,GRM0225C1C8R6BA03D
06-208058-03,MURATA,GRM0225C1C8R7BA03D
06-208062-02,MURATA,GRM0225C1C8R8BA03D
06-208059-03,MURATA,GRM0225C1C8R9BA03D
06-209016-04,MURATA,GRM0225C1C9R0BA03D
06-209019-02,MURATA,GRM0225C1E9R0BA03D
06-209012-05,MURATA,GRM0225C1C9R1BA03D
06-209020-02,MURATA,GRM0225C1E9R1BA03D
06-209047-02,MURATA,GRM0225C1C9R2BA03D
06-209041-02,MURATA,GRM0225C1C9R3BA03D
06-209042-02,MURATA,GRM0225C1C9R4BA03D
06-209043-02,MURATA,GRM0225C1C9R5BA03D
06-209044-02,MURATA,GRM0225C1C9R6BA03D
06-209038-03,MURATA,GRM0225C1C9R7BA03D
06-209046-02,MURATA,GRM0225C1C9R8BA03D
06-209039-03,MURATA,GRM0225C1C9R9BA03D
06-210059-05,MURATA,GRM0225C1C100GA03D
06-210053-14,MURATA,GRM0225C1C100JA03D
06-210074-03,MURATA,GRM0225C1E100JA03D
06-210055-02,MURATA,GRM0225C1E100GA03D
27-195186-03,MURATA,LQP02TN0N2B02D
27-196586-01,MURATA,LQP02TN0N3B02D
27-195187-02,MURATA,LQP02TN0N4B02D
27-193346-03,MURATA,LQP02TN0N5B02D
27-195228-02,MURATA,LQP02TN0N6B02D
27-195189-02,MURATA,LQP02TN0N7B02D
27-195229-02,MURATA,LQP02TN0N8B02D
27-196588-01,MURATA,LQP02TN0N9B02D
27-194786-01,MURATA,LQP02TN1N0B02D
27-194926-01,MURATA,LQP02TN1N1B02D
27-194927-01,MURATA,LQP02TN1N2B02D
27-194928-01,MURATA,LQP02TN1N3B02D
27-195010-01,MURATA,LQP02TN1N4B02D
27-193946-01,MURATA,LQP02TN1N5B02D
27-194929-01,MURATA,LQP02TN1N6B02D
27-195606-01,MURATA,LQP02TN1N7B02D
27-194930-01,MURATA,LQP02TN1N8B02D
27-196147-01,MURATA,LQP02TN1N9B02D
27-194225-01,MURATA,LQP02TN2N0B02D
27-194986-01,MURATA,LQP02TN2N1B02D
27-194826-02,MURATA,LQP02TN2N2B02D
27-197527-02,MURATA,LQP02TN2N3B02D
27-194931-01,MURATA,LQP02TN2N4B02D
27-195429-01,MURATA,LQP02TN2N5B02D
27-195446-01,MURATA,LQP02TN2N6B02D
27-193947-01,MURATA,LQP02TN2N7B02D
27-194987-01,MURATA,LQP02TN2N8B02D
27-197530-02,MURATA,LQP02TN2N9B02D
27-194932-01,MURATA,LQP02TN3N0B02D
27-100121-01,MURATA,LQP02TN3N1B02D
27-132203-01,MURATA,LQP02TN3N2B02D
27-194933-01,MURATA,LQP02TN3N3B02D
27-196427-01,MURATA,LQP02TN3N4B02D
27-197547-03,MURATA,LQP02TN3N5B02D
27-194934-01,MURATA,LQP02TN3N6B02D
27-195289-02,MURATA,LQP02TN3N7B02D
27-197548-02,MURATA,LQP02TN3N8B02D
27-194935-01,MURATA,LQP02TN3N9B02D
27-196426-01,MURATA,LQP02TN4N0B02D
27-197549-02,MURATA,LQP02TN4N1B02D
27-196409-01,MURATA,LQP02TN4N2B02D
27-194968-01,MURATA,LQP02TN4N3H02D
27-194808-02,MURATA,LQP02TN4N7H02D
27-196410-01,MURATA,LQP02TN5N1H02D
27-192113-02,MURATA,LQP02TN5N6H02D
27-194406-01,MURATA,LQP02TN6N2H02D
27-194806-02,MURATA,LQP02TN6N8H02D
27-193069-01,MURATA,LQP02TN7N5H02D
27-193070-01,MURATA,LQP02TN8N2H02D
27-194907-01,MURATA,LQP02TN9N1H02D
27-100116-03,MURATA,LQP02TN10NH02D
27-195186-04,MURATA,LQP02HQ0N2B02E
27-196586-06,MURATA,LQP02HQ0N3B02E
27-195187-06,MURATA,LQP02HQ0N4B02E
152S00497-01,MURATA,LQP02HQ0N5B02E
152S00496-01,MURATA,LQP02HQ0N6B02E
27-195189-06,MURATA,LQP02HQ0N7B02E
27-195229-06,MURATA,LQP02HQ0N8B02E
27-196588-03,MURATA,LQP02HQ0N9B02E
27-194786-07,MURATA,LQP02HQ1N0B02E
27-194926-06,MURATA,LQP02HQ1N1B02E
27-194927-06,MURATA,LQP02HQ1N2B02E
27-194928-04,MURATA,LQP02HQ1N3B02E
27-195010-05,MURATA,LQP02HQ1N4B02E
27-193946-06,MURATA,LQP02HQ1N5B02E
27-194929-06,MURATA,LQP02HQ1N6B02E
27-195606-07,MURATA,LQP02HQ1N7B02E
27-194930-07,MURATA,LQP02HQ1N8B02E
27-196147-03,MURATA,LQP02HQ1N9B02E
27-194225-07,MURATA,LQP02HQ2N0B02E
27-194986-03,MURATA,LQP02HQ2N1B02E
27-194826-06,MURATA,LQP02HQ2N2B02E
27-197527-03,MURATA,LQP02HQ2N3B02E
27-194931-07,MURATA,LQP02HQ2N4B02E
27-195429-03,MURATA,LQP02HQ2N5B02E
27-195446-05,MURATA,LQP02HQ2N6B02E
27-193947-04,MURATA,LQP02HQ2N7B02E
27-194987-05,MURATA,LQP02HQ2N8B02E
27-197530-03,MURATA,LQP02HQ2N9B02E
27-194932-07,MURATA,LQP02HQ3N0B02E
27-100121-06,MURATA,LQP02HQ3N1B02E
27-132203-06,MURATA,LQP02HQ3N2B02E
27-194933-08,MURATA,LQP02HQ3N3B02E
27-196427-06,MURATA,LQP02HQ3N4B02E
27-197547-02,MURATA,LQP02HQ3N5B02E
27-194934-06,MURATA,LQP02HQ3N6B02E
27-195289-06,MURATA,LQP02HQ3N7B02E
27-197548-03,MURATA,LQP02HQ3N8B02E
27-194935-05,MURATA,LQP02HQ3N9B02E
27-196426-03,MURATA,LQP02HQ4N0B02E
27-197549-03,MURATA,LQP02HQ4N1B02E
27-196409-03,MURATA,LQP02HQ4N2B02E
27-194968-07,MURATA,LQP02HQ4N3H02E
06-200091-01,MURATA,GJM0225C1CR20WB01D
131S0893-01,MURATA,GJM0225C1CR20WB01D
06-200092-01,MURATA,GJM0225C1CR30WB01D
06-200406-01,MURATA,GJM0225C1CR40WB01D
06-200090-02,MURATA,GJM0225C1CR50WB01D
06-200068-01,MURATA,GJM0225C1CR60WB01D
131S0616-01,MURATA,GJM0225C1CR60WB01D
06-200703-01,MURATA,GJM0225C1CR70WB01D
06-200704-01,MURATA,GJM0225C1CR80WB01D
06-200902-02,MURATA,GJM0225C1CR90WB01D
06-201045-03,MURATA,GJM0225C1C1R0BB01D
06-201036-02,MURATA,GJM0225C1C1R0WB01D
06-201046-03,MURATA,GJM0225C1C1R1BB01D
06-201047-03,MURATA,GJM0225C1C1R2BB01D
06-213907-03,MURATA,GJM0225C1C1R3BB01D
06-201095-02,MURATA,GJM0225C1C1R4BB01D
06-215919-03,MURATA,GJM0225C1C1R5BB01D
06-201048-03,MURATA,GJM0225C1C1R6BB01D
06-201104-01,MURATA,GJM0225C1C1R7BB01D
06-201049-03,MURATA,GJM0225C1C1R8BB01D
06-201096-02,MURATA,GJM0225C1C1R9BB01D
06-202035-03,MURATA,GJM0225C1C2R0BB01D
06-202053-02,MURATA,GJM0225C1C2R1BB01D
06-202032-07,MURATA,GJM0225C1C2R2BB01D
06-202057-01,MURATA,GJM0225C1C2R3BB01D
06-202036-03,MURATA,GJM0225C1C2R4BB01D
06-202058-01,MURATA,GJM0225C1C2R5BB01D
06-202054-02,MURATA,GJM0225C1C2R6BB01D
06-202037-03,MURATA,GJM0225C1C2R7BB01D
06-202059-01,MURATA,GJM0225C1C2R8BB01D
06-202061-01,MURATA,GJM0225C1C2R9BB01D
06-203011-03,MURATA,GJM0225C1C3R0BB01D
06-203057-02,MURATA,GJM0225C1C3R1BB01D
06-203058-02,MURATA,GJM0225C1C3R2BB01D
06-203027-03,MURATA,GJM0225C1C3R3BB01D
06-203066-01,MURATA,GJM0225C1C3R4BB01D
06-203059-02,MURATA,GJM0225C1C3R5BB01D
06-203028-02,MURATA,GJM0225C1C3R6BB01D
06-203067-01,MURATA,GJM0225C1C3R7BB01D
06-203068-01,MURATA,GJM0225C1C3R8BB01D
06-203029-03,MURATA,GJM0225C1C3R9BB01D
06-204026-03,MURATA,GJM0225C1C4R0BB01D
131S0405-01,MURATA,GJM0225C1C4R0BB01D
06-204053-01,MURATA,GJM0225C1C4R1BB01D
06-204054-01,MURATA,GJM0225C1C4R2BB01D
06-204021-03,MURATA,GJM0225C1C4R3BB01D
06-204055-01,MURATA,GJM0225C1C4R4BB01D
06-204056-01,MURATA,GJM0225C1C4R5BB01D
06-204049-02,MURATA,GJM0225C1C4R6BB01D
06-204022-05,MURATA,GJM0225C1C4R7BB01D
06-204050-02,MURATA,GJM0225C1C4R8BB01D
06-204057-01,MURATA,GJM0225C1C4R9BB01D
06-205021-01,MURATA,GJM0225C1C5R0BB01D
06-205022-01,MURATA,GJM0225C1C5R1BB01D
06-205036-01,MURATA,GJM0225C1C5R2BB01D
06-205020-02,MURATA,GJM0225C1C5R3BB01D
06-205037-01,MURATA,GJM0225C1C5R4BB01D
06-205038-01,MURATA,GJM0225C1C5R5BB01D
06-205034-02,MURATA,GJM0225C1C5R6BB01D
06-205039-01,MURATA,GJM0225C1C5R7BB01D
06-205040-01,MURATA,GJM0225C1C5R8BB01D
06-205082-01,MURATA,GJM0225C1C5R9BB01D
06-206040-02,MURATA,GJM0225C1C6R0BB01D
131S0539-01,MURATA,GJM0225C1C6R0BB01D
06-206041-02,MURATA,GJM0225C1C6R1BB01D
06-206017-02,MURATA,GJM0225C1C6R2BB01D
06-206042-02,MURATA,GJM0225C1C6R3BB01D
06-206049-01,MURATA,GJM0225C1C6R4BB01D
06-206050-01,MURATA,GJM0225C1C6R5BB01D
06-206051-01,MURATA,GJM0225C1C6R6BB01D
06-206043-02,MURATA,GJM0225C1C6R7BB01D
06-206044-06,MURATA,GJM0225C1C6R8BB01D
06-206045-02,MURATA,GJM0225C1C6R9BB01D
06-207016-01,MURATA,GJM0225C1C7R0BB01D
06-207027-02,MURATA,GJM0225C1C7R1BB01D
06-207045-01,MURATA,GJM0225C1C7R2BB01D
06-207028-02,MURATA,GJM0225C1C7R3BB01D
06-207046-01,MURATA,GJM0225C1C7R4BB01D
06-207047-01,MURATA,GJM0225C1C7R5BB01D
06-207048-01,MURATA,GJM0225C1C7R6BB01D
06-207029-02,MURATA,GJM0225C1C7R7BB01D
06-207049-01,MURATA,GJM0225C1C7R8BB01D
06-207035-02,MURATA,GJM0225C1C7R9BB01D
06-208054-03,MURATA,GJM0225C1C8R0BB01D
06-208055-02,MURATA,GJM0225C1C8R1BB01D
06-208035-02,MURATA,GJM0225C1C8R2BB01D
06-208056-02,MURATA,GJM0225C1C8R3BB01D
06-208064-01,MURATA,GJM0225C1C8R4BB01D
06-208057-02,MURATA,GJM0225C1C8R5BB01D
06-208063-01,MURATA,GJM0225C1C8R6BB01D
06-208058-02,MURATA,GJM0225C1C8R7BB01D
06-208062-01,MURATA,GJM0225C1C8R8BB01D
06-208059-02,MURATA,GJM0225C1C8R9BB01D
06-209016-01,MURATA,GJM0225C1C9R0BB01D
06-209012-02,MURATA,GJM0225C1C9R1BB01D
06-209047-01,MURATA,GJM0225C1C9R2BB01D
06-209041-01,MURATA,GJM0225C1C9R3BB01D
06-209042-01,MURATA,GJM0225C1C9R4BB01D
06-209043-01,MURATA,GJM0225C1C9R5BB01D
06-209044-01,MURATA,GJM0225C1C9R6BB01D
06-209038-02,MURATA,GJM0225C1C9R7BB01D
06-209046-01,MURATA,GJM0225C1C9R8BB01D
06-209039-02,MURATA,GJM0225C1C9R9BB01D
06-210059-02,MURATA,GJM0225C1C100GB01D
06-200091-01,MURATA,GJM0225C1CR20WB01D
06-200049-01,MURATA,GJM0225C1ER20WB01D
06-200092-01,MURATA,GJM0225C1CR30WB01D
06-200055-01,MURATA,GJM0225C1ER30WB01D
06-200406-01,MURATA,GJM0225C1CR40WB01D
06-200056-01,MURATA,GJM0225C1ER40WB01D
06-200090-02,MURATA,GJM0225C1CR50WB01D
06-200057-01,MURATA,GJM0225C1ER50WB01D
06-200068-01,MURATA,GJM0225C1CR60WB01D
06-200058-01,MURATA,GJM0225C1ER60WB01D
06-200703-01,MURATA,GJM0225C1CR70WB01D
06-200059-01,MURATA,GJM0225C1ER70WB01D
06-200704-01,MURATA,GJM0225C1CR80WB01D
06-200063-01,MURATA,GJM0225C1ER80WB01D
06-200902-02,MURATA,GJM0225C1CR90WB01D
06-200064-01,MURATA,GJM0225C1ER90WB01D
06-201065-01,MURATA,GJM0225C1E1R0WB01D
06-201045-03,MURATA,GJM0225C1C1R0BB01D
06-301003-02,MURATA,GJM0225C1E1R0BB01D
06-201046-03,MURATA,GJM0225C1C1R1BB01D
06-201063-01,MURATA,GJM0225C1E1R1BB01D
06-201047-03,MURATA,GJM0225C1C1R2BB01D
06-201064-01,MURATA,GJM0225C1E1R2BB01D
06-213907-03,MURATA,GJM0225C1C1R3BB01D
06-201066-01,MURATA,GJM0225C1E1R3BB01D
06-201095-02,MURATA,GJM0225C1C1R4BB01D
06-201067-01,MURATA,GJM0225C1E1R4BB01D
06-215919-03,MURATA,GJM0225C1C1R5BB01D
06-201068-01,MURATA,GJM0225C1E1R5BB01D
06-201048-03,MURATA,GJM0225C1C1R6BB01D
06-201069-01,MURATA,GJM0225C1E1R6BB01D
06-201104-01,MURATA,GJM0225C1C1R7BB01D
06-201070-01,MURATA,GJM0225C1E1R7BB01D
06-201049-03,MURATA,GJM0225C1C1R8BB01D
06-201071-01,MURATA,GJM0225C1E1R8BB01D
06-201096-02,MURATA,GJM0225C1C1R9BB01D
06-201072-01,MURATA,GJM0225C1E1R9BB01D
06-202035-03,MURATA,GJM0225C1C2R0BB01D
06-202017-01,MURATA,GJM0225C1E2R0BB01D
06-202053-02,MURATA,GJM0225C1C2R1BB01D
06-202018-01,MURATA,GJM0225C1E2R1BB01D
06-202032-07,MURATA,GJM0225C1C2R2BB01D
06-202019-01,MURATA,GJM0225C1E2R2BB01D
06-202057-01,MURATA,GJM0225C1C2R3BB01D
06-202045-01,MURATA,GJM0225C1E2R3BB01D
06-202036-03,MURATA,GJM0225C1C2R4BB01D
06-202046-01,MURATA,GJM0225C1E2R4BB01D
06-202058-01,MURATA,GJM0225C1C2R5BB01D
06-202047-01,MURATA,GJM0225C1E2R5BB01D
06-202054-02,MURATA,GJM0225C1C2R6BB01D
06-202048-01,MURATA,GJM0225C1E2R6BB01D
06-202037-03,MURATA,GJM0225C1C2R7BB01D
06-202049-01,MURATA,GJM0225C1E2R7BB01D
06-202059-01,MURATA,GJM0225C1C2R8BB01D
06-202051-01,MURATA,GJM0225C1E2R8BB01D
06-202061-01,MURATA,GJM0225C1C2R9BB01D
06-202052-01,MURATA,GJM0225C1E2R9BB01D
06-203011-03,MURATA,GJM0225C1C3R0BB01D
06-203045-01,MURATA,GJM0225C1E3R0BB01D
06-203057-02,MURATA,GJM0225C1C3R1BB01D
06-203046-01,MURATA,GJM0225C1E3R1BB01D
06-203058-02,MURATA,GJM0225C1C3R2BB01D
06-203047-01,MURATA,GJM0225C1E3R2BB01D
06-203027-03,MURATA,GJM0225C1C3R3BB01D
06-203048-01,MURATA,GJM0225C1E3R3BB01D
06-203066-01,MURATA,GJM0225C1C3R4BB01D
06-203049-01,MURATA,GJM0225C1E3R4BB01D
06-203059-02,MURATA,GJM0225C1C3R5BB01D
06-203051-01,MURATA,GJM0225C1E3R5BB01D
06-203028-02,MURATA,GJM0225C1C3R6BB01D
06-203052-01,MURATA,GJM0225C1E3R6BB01D
06-203067-01,MURATA,GJM0225C1C3R7BB01D
06-203053-01,MURATA,GJM0225C1E3R7BB01D
06-203068-01,MURATA,GJM0225C1C3R8BB01D
06-203054-01,MURATA,GJM0225C1E3R8BB01D
06-203029-03,MURATA,GJM0225C1C3R9BB01D
06-203055-01,MURATA,GJM0225C1E3R9BB01D
06-204026-03,MURATA,GJM0225C1C4R0BB01D
06-204000-01,MURATA,GJM0225C1E4R0BB01D
06-204053-01,MURATA,GJM0225C1C4R1BB01D
06-204033-01,MURATA,GJM0225C1E4R1BB01D
06-204054-01,MURATA,GJM0225C1C4R2BB01D
06-204034-01,MURATA,GJM0225C1E4R2BB01D
06-204021-03,MURATA,GJM0225C1C4R3BB01D
06-204035-01,MURATA,GJM0225C1E4R3BB01D
06-204055-01,MURATA,GJM0225C1C4R4BB01D
06-204036-01,MURATA,GJM0225C1E4R4BB01D
06-204056-01,MURATA,GJM0225C1C4R5BB01D
06-204044-01,MURATA,GJM0225C1E4R5BB01D
06-204049-02,MURATA,GJM0225C1C4R6BB01D
06-204045-01,MURATA,GJM0225C1E4R6BB01D
06-204022-05,MURATA,GJM0225C1C4R7BB01D
06-204046-01,MURATA,GJM0225C1E4R7BB01D
06-204050-02,MURATA,GJM0225C1C4R8BB01D
06-204047-01,MURATA,GJM0225C1E4R8BB01D
06-204057-01,MURATA,GJM0225C1C4R9BB01D
06-204048-01,MURATA,GJM0225C1E4R9BB01D
06-205021-01,MURATA,GJM0225C1C5R0BB01D
06-205023-01,MURATA,GJM0225C1E5R0BB01D
06-205022-01,MURATA,GJM0225C1C5R1BB01D
06-205025-01,MURATA,GJM0225C1E5R1BB01D
06-205036-01,MURATA,GJM0225C1C5R2BB01D
06-205026-01,MURATA,GJM0225C1E5R2BB01D
06-205020-02,MURATA,GJM0225C1C5R3BB01D
06-205027-01,MURATA,GJM0225C1E5R3BB01D
06-205037-01,MURATA,GJM0225C1C5R4BB01D
06-205028-01,MURATA,GJM0225C1E5R4BB01D
06-205038-01,MURATA,GJM0225C1C5R5BB01D
06-205029-01,MURATA,GJM0225C1E5R5BB01D
06-205034-02,MURATA,GJM0225C1C5R6BB01D
06-205030-01,MURATA,GJM0225C1E5R6BB01D
06-205039-01,MURATA,GJM0225C1C5R7BB01D
06-205031-01,MURATA,GJM0225C1E5R7BB01D
06-205040-01,MURATA,GJM0225C1C5R8BB01D
06-205032-01,MURATA,GJM0225C1E5R8BB01D
06-205082-01,MURATA,GJM0225C1C5R9BB01D
06-205033-01,MURATA,GJM0225C1E5R9BB01D
06-206040-02,MURATA,GJM0225C1C6R0BB01D
06-206029-01,MURATA,GJM0225C1E6R0BB01D
06-206041-02,MURATA,GJM0225C1C6R1BB01D
06-206020-01,MURATA,GJM0225C1E6R1BB01D
06-206017-02,MURATA,GJM0225C1C6R2BB01D
06-206021-01,MURATA,GJM0225C1E6R2BB01D
06-206042-02,MURATA,GJM0225C1C6R3BB01D
06-206022-01,MURATA,GJM0225C1E6R3BB01D
06-206049-01,MURATA,GJM0225C1C6R4BB01D
06-206023-01,MURATA,GJM0225C1E6R4BB01D
06-206050-01,MURATA,GJM0225C1C6R5BB01D
06-206024-01,MURATA,GJM0225C1E6R5BB01D
06-206051-01,MURATA,GJM0225C1C6R6BB01D
06-206025-01,MURATA,GJM0225C1E6R6BB01D
06-206043-02,MURATA,GJM0225C1C6R7BB01D
06-206026-01,MURATA,GJM0225C1E6R7BB01D
06-206044-06,MURATA,GJM0225C1C6R8BB01D
06-206027-01,MURATA,GJM0225C1E6R8BB01D
06-206045-02,MURATA,GJM0225C1C6R9BB01D
06-206028-01,MURATA,GJM0225C1E6R9BB01D
06-207016-01,MURATA,GJM0225C1C7R0BB01D
06-207017-01,MURATA,GJM0225C1E7R0BB01D
06-207027-02,MURATA,GJM0225C1C7R1BB01D
06-207018-01,MURATA,GJM0225C1E7R1BB01D
06-207045-01,MURATA,GJM0225C1C7R2BB01D
06-207019-01,MURATA,GJM0225C1E7R2BB01D
06-207028-02,MURATA,GJM0225C1C7R3BB01D
06-207020-01,MURATA,GJM0225C1E7R3BB01D
06-207046-01,MURATA,GJM0225C1C7R4BB01D
06-207021-01,MURATA,GJM0225C1E7R4BB01D
06-207047-01,MURATA,GJM0225C1C7R5BB01D
06-207022-01,MURATA,GJM0225C1E7R5BB01D
06-207048-01,MURATA,GJM0225C1C7R6BB01D
06-207023-01,MURATA,GJM0225C1E7R6BB01D
06-207029-02,MURATA,GJM0225C1C7R7BB01D
06-207024-01,MURATA,GJM0225C1E7R7BB01D
06-207049-01,MURATA,GJM0225C1C7R8BB01D
06-207025-01,MURATA,GJM0225C1E7R8BB01D
06-207035-02,MURATA,GJM0225C1C7R9BB01D
06-207026-01,MURATA,GJM0225C1E7R9BB01D
06-208054-03,MURATA,GJM0225C1C8R0BB01D
06-208015-01,MURATA,GJM0225C1E8R0BB01D
06-208055-02,MURATA,GJM0225C1C8R1BB01D
06-208016-01,MURATA,GJM0225C1E8R1BB01D
06-208035-02,MURATA,GJM0225C1C8R2BB01D
06-208017-01,MURATA,GJM0225C1E8R2BB01D
06-208056-02,MURATA,GJM0225C1C8R3BB01D
06-208018-01,MURATA,GJM0225C1E8R3BB01D
06-208064-01,MURATA,GJM0225C1C8R4BB01D
06-208019-01,MURATA,GJM0225C1E8R4BB01D
06-208057-02,MURATA,GJM0225C1C8R5BB01D
06-208040-01,MURATA,GJM0225C1E8R5BB01D
06-208063-01,MURATA,GJM0225C1C8R6BB01D
06-208041-01,MURATA,GJM0225C1E8R6BB01D
06-208058-02,MURATA,GJM0225C1C8R7BB01D
06-208042-01,MURATA,GJM0225C1E8R7BB01D
06-208062-01,MURATA,GJM0225C1C8R8BB01D
06-208043-01,MURATA,GJM0225C1E8R8BB01D
06-208059-02,MURATA,GJM0225C1C8R9BB01D
06-208044-01,MURATA,GJM0225C1E8R9BB01D
06-209016-01,MURATA,GJM0225C1C9R0BB01D
06-209019-01,MURATA,GJM0225C1E9R0BB01D
06-209012-02,MURATA,GJM0225C1C9R1BB01D
06-209020-01,MURATA,GJM0225C1E9R1BB01D
06-209047-01,MURATA,GJM0225C1C9R2BB01D
06-209021-01,MURATA,GJM0225C1E9R2BB01D
06-209041-01,MURATA,GJM0225C1C9R3BB01D
06-209022-01,MURATA,GJM0225C1E9R3BB01D
06-209042-01,MURATA,GJM0225C1C9R4BB01D
06-209028-01,MURATA,GJM0225C1E9R4BB01D
06-209043-01,MURATA,GJM0225C1C9R5BB01D
06-209023-01,MURATA,GJM0225C1E9R5BB01D
06-209044-01,MURATA,GJM0225C1C9R6BB01D
06-209024-01,MURATA,GJM0225C1E9R6BB01D
06-209038-02,MURATA,GJM0225C1C9R7BB01D
06-209025-01,MURATA,GJM0225C1E9R7BB01D
06-209046-01,MURATA,GJM0225C1C9R8BB01D
06-209026-01,MURATA,GJM0225C1E9R8BB01D
06-209039-02,MURATA,GJM0225C1C9R9BB01D
06-209027-01,MURATA,GJM0225C1E9R9BB01D
06-210059-02,MURATA,GJM0225C1C100GB01D
06-210055-01,MURATA,GJM0225C1E100GB01D
06-210053-12,MURATA,GJM0225C1C100JB01D
06-211010-01,MURATA,GJM0225C1C110GB01D
06-211008-01,MURATA,GJM0225C1E110GB01D
06-211009-01,MURATA,GJM0225C1C110JB01D
06-212036-06,MURATA,GJM0225C1C120GB01D
06-212035-01,MURATA,GJM0225C1E120GB01D
06-212032-08,MURATA,GJM0225C1C120JB01D
06-212005-01,MURATA,GJM0225C1E120JB01D
06-213011-01,MURATA,GJM0225C1C130GB01D
06-213008-01,MURATA,GJM0225C1E130GB01D
06-213009-01,MURATA,GJM0225C1C130JB01D
06-215039-01,MURATA,GJM0225C1E150GB01D
06-215036-06,MURATA,GJM0225C1C150JB01D
06-216009-01,MURATA,GJM0225C1C160GB01D
06-216005-01,MURATA,GJM0225C1E160GB01D
06-216008-01,MURATA,GJM0225C1C160JB01D
06-218024-03,MURATA,GJM0225C1C180GB01D
06-218029-01,MURATA,GJM0225C1E180GB01D
06-218030-07,MURATA,GJM0225C1C180JB01D
06-220020-01,MURATA,GJM0225C1E200GB01D
06-220021-01,MURATA,GJM0225C1C200JB01D
06-222057-01,MURATA,GJM0225C1E220GB01D
06-222051-06,MURATA,GJM0225C1C220JB01D
06-200091-02,MURATA,GRM0225C1CR20WA03D
06-200049-02,MURATA,GRM0225C1ER20WA03D
06-200092-02,MURATA,GRM0225C1CR30WA03D
06-200055-02,MURATA,GRM0225C1ER30WA03D
06-200406-02,MURATA,GRM0225C1CR40WA03D
06-200056-02,MURATA,GRM0225C1ER40WA03D
06-200090-04,MURATA,GRM0225C1CR50WA03D
06-200057-02,MURATA,GRM0225C1ER50WA03D
06-200068-04,MURATA,GRM0225C1CR60WA03D
06-200058-06,MURATA,GRM0225C1ER60WA03D
06-200703-02,MURATA,GRM0225C1CR70WA03D
06-200704-02,MURATA,GRM0225C1CR80WA03D
06-200902-03,MURATA,GRM0225C1CR90WA03D
06-200064-02,MURATA,GRM0225C1ER90WA03D
06-201045-08,MURATA,GRM0225C1C1R0BA03D
06-201046-06,MURATA,GRM0225C1C1R1BA03D
06-201063-06,MURATA,GRM0225C1E1R1BA03D
06-201047-04,MURATA,GRM0225C1C1R2BA03D
06-201064-02,MURATA,GRM0225C1E1R2BA03D
06-213907-07,MURATA,GRM0225C1C1R3BA03D
06-201066-06,MURATA,GRM0225C1E1R3BA03D
06-201095-03,MURATA,GRM0225C1C1R4BA03D
06-201067-02,MURATA,GRM0225C1E1R4BA03D
06-215919-04,MURATA,GRM0225C1C1R5BA03D
06-201068-02,MURATA,GRM0225C1E1R5BA03D
06-201048-04,MURATA,GRM0225C1C1R6BA03D
06-201104-02,MURATA,GRM0225C1C1R7BA03D
06-201049-05,MURATA,GRM0225C1C1R8BA03D
06-201096-03,MURATA,GRM0225C1C1R9BA03D
06-202035-08,MURATA,GRM0225C1C2R0BA03D
06-202053-03,MURATA,GRM0225C1C2R1BA03D
06-202032-08,MURATA,GRM0225C1C2R2BA03D
06-202057-02,MURATA,GRM0225C1C2R3BA03D
06-202036-04,MURATA,GRM0225C1C2R4BA03D
06-202046-02,MURATA,GRM0225C1E2R4BA03D
06-202058-02,MURATA,GRM0225C1C2R5BA03D
06-202054-05,MURATA,GRM0225C1C2R6BA03D
06-202037-04,MURATA,GRM0225C1C2R7BA03D
06-202049-03,MURATA,GRM0225C1E2R7BA03D
06-202059-02,MURATA,GRM0225C1C2R8BA03D
06-202061-02,MURATA,GRM0225C1C2R9BA03D
06-203011-07,MURATA,GRM0225C1C3R0BA03D
06-203045-04,MURATA,GRM0225C1E3R0BA03D
06-203057-03,MURATA,GRM0225C1C3R1BA03D
06-203058-03,MURATA,GRM0225C1C3R2BA03D
06-203027-04,MURATA,GRM0225C1C3R3BA03D
06-203048-04,MURATA,GRM0225C1E3R3BA03D
06-203066-02,MURATA,GRM0225C1C3R4BA03D
06-203059-03,MURATA,GRM0225C1C3R5BA03D
06-203028-03,MURATA,GRM0225C1C3R6BA03D
06-203052-02,MURATA,GRM0225C1E3R6BA03D
06-203067-02,MURATA,GRM0225C1C3R7BA03D
06-203068-02,MURATA,GRM0225C1C3R8BA03D
06-203029-04,MURATA,GRM0225C1C3R9BA03D
06-203055-06,MURATA,GRM0225C1E3R9BA03D
06-204026-04,MURATA,GRM0225C1C4R0BA03D
06-204000-02,MURATA,GRM0225C1E4R0BA03D
06-204053-02,MURATA,GRM0225C1C4R1BA03D
06-204054-02,MURATA,GRM0225C1C4R2BA03D
06-204021-07,MURATA,GRM0225C1C4R3BA03D
06-204035-06,MURATA,GRM0225C1E4R3BA03D
06-204055-02,MURATA,GRM0225C1C4R4BA03D
06-204056-02,MURATA,GRM0225C1C4R5BA03D
06-204049-03,MURATA,GRM0225C1C4R6BA03D
06-204022-07,MURATA,GRM0225C1C4R7BA03D
06-204046-02,MURATA,GRM0225C1E4R7BA03D
06-204050-03,MURATA,GRM0225C1C4R8BA03D
06-204057-02,MURATA,GRM0225C1C4R9BA03D
06-205021-08,MURATA,GRM0225C1C5R0BA03D
06-205022-04,MURATA,GRM0225C1C5R1BA03D
06-205036-02,MURATA,GRM0225C1C5R2BA03D
06-205020-03,MURATA,GRM0225C1C5R3BA03D
06-205037-02,MURATA,GRM0225C1C5R4BA03D
06-205038-02,MURATA,GRM0225C1C5R5BA03D
06-205034-03,MURATA,GRM0225C1C5R6BA03D
06-205039-02,MURATA,GRM0225C1C5R7BA03D
06-205040-02,MURATA,GRM0225C1C5R8BA03D
06-205082-02,MURATA,GRM0225C1C5R9BA03D
06-206040-03,MURATA,GRM0225C1C6R0BA03D
06-206029-02,MURATA,GRM0225C1E6R0BA03D
06-206041-03,MURATA,GRM0225C1C6R1BA03D
06-206017-03,MURATA,GRM0225C1C6R2BA03D
06-206042-03,MURATA,GRM0225C1C6R3BA03D
06-206049-02,MURATA,GRM0225C1C6R4BA03D
06-206050-02,MURATA,GRM0225C1C6R5BA03D
06-206051-02,MURATA,GRM0225C1C6R6BA03D
06-206043-03,MURATA,GRM0225C1C6R7BA03D
06-206044-04,MURATA,GRM0225C1C6R8BA03D
06-206027-03,MURATA,GRM0225C1E6R8BA03D
06-206045-03,MURATA,GRM0225C1C6R9BA03D
06-207016-03,MURATA,GRM0225C1C7R0BA03D
06-207027-03,MURATA,GRM0225C1C7R1BA03D
06-207045-02,MURATA,GRM0225C1C7R2BA03D
06-207028-03,MURATA,GRM0225C1C7R3BA03D
06-207046-02,MURATA,GRM0225C1C7R4BA03D
06-207047-02,MURATA,GRM0225C1C7R5BA03D
06-207048-02,MURATA,GRM0225C1C7R6BA03D
06-207029-03,MURATA,GRM0225C1C7R7BA03D
06-207049-02,MURATA,GRM0225C1C7R8BA03D
06-207035-03,MURATA,GRM0225C1C7R9BA03D
06-208054-06,MURATA,GRM0225C1C8R0BA03D
06-208055-03,MURATA,GRM0225C1C8R1BA03D
06-208035-08,MURATA,GRM0225C1C8R2BA03D
06-208017-02,MURATA,GRM0225C1E8R2BA03D
06-208056-03,MURATA,GRM0225C1C8R3BA03D
06-208064-02,MURATA,GRM0225C1C8R4BA03D
06-208057-03,MURATA,GRM0225C1C8R5BA03D
06-208063-02,MURATA,GRM0225C1C8R6BA03D
06-208058-03,MURATA,GRM0225C1C8R7BA03D
06-208062-02,MURATA,GRM0225C1C8R8BA03D
06-208059-03,MURATA,GRM0225C1C8R9BA03D
06-209016-04,MURATA,GRM0225C1C9R0BA03D
06-209019-02,MURATA,GRM0225C1E9R0BA03D
06-209012-05,MURATA,GRM0225C1C9R1BA03D
06-209020-02,MURATA,GRM0225C1E9R1BA03D
06-209047-02,MURATA,GRM0225C1C9R2BA03D
06-209041-02,MURATA,GRM0225C1C9R3BA03D
06-209042-02,MURATA,GRM0225C1C9R4BA03D
06-209043-02,MURATA,GRM0225C1C9R5BA03D
06-209044-02,MURATA,GRM0225C1C9R6BA03D
06-209038-03,MURATA,GRM0225C1C9R7BA03D
06-209046-02,MURATA,GRM0225C1C9R8BA03D
06-209039-03,MURATA,GRM0225C1C9R9BA03D
06-210059-05,MURATA,GRM0225C1C100GA03D
06-210053-14,MURATA,GRM0225C1C100JA03D
06-210074-03,MURATA,GRM0225C1E100JA03D
06-210055-02,MURATA,GRM0225C1E100GA03D
06-211010-03,MURATA,GRM0225C1C110GA03D
06-211008-03,MURATA,GRM0225C1E110GA03D
06-211009-02,MURATA,GRM0225C1C110JA03D
06-212036-05,MURATA,GRM0225C1C120GA03D
06-212035-03,MURATA,GRM0225C1E120GA03D
06-212032-09,MURATA,GRM0225C1C120JA03D
06-213011-04,MURATA,GRM0225C1C130GA03D
06-213009-03,MURATA,GRM0225C1C130JA03D
06-215041-05,MURATA,GRM0225C1C150GA03D
06-215039-03,MURATA,GRM0225C1E150GA03D
06-215036-07,MURATA,GRM0225C1C150JA03D
06-216009-02,MURATA,GRM0225C1C160GA03D
06-216008-02,MURATA,GRM0225C1C160JA03D
06-217001-01,MURATA,GRM0225C1C170JA02D
06-218024-02,MURATA,GRM0225C1C180GA02D
06-218030-08,MURATA,GRM0225C1C180JA02D
06-220021-02,MURATA,GRM0225C1C200JA02D
06-222051-08,MURATA,GRM0225C1C220JA02D
06-224010-01,MURATA,GRM0225C1C240JA02D
06-227032-02,MURATA,GRM0225C1C270GA02D
06-227029-07,MURATA,GRM0225C1C270JA02D
06-227023-01,MURATA,GRM0225C1E270JA02D
27-195186-03,MURATA,LQP02TN0N2B02D
27-196586-01,MURATA,LQP02TN0N3B02D
27-195187-02,MURATA,LQP02TN0N4B02D
27-193346-03,MURATA,LQP02TN0N5B02D
27-195228-02,MURATA,LQP02TN0N6B02D
27-195189-02,MURATA,LQP02TN0N7B02D
27-195229-02,MURATA,LQP02TN0N8B02D
27-196588-01,MURATA,LQP02TN0N9B02D
27-194786-01,MURATA,LQP02TN1N0B02D
27-194926-01,MURATA,LQP02TN1N1B02D
27-194927-01,MURATA,LQP02TN1N2B02D
27-194928-01,MURATA,LQP02TN1N3B02D
27-195010-01,MURATA,LQP02TN1N4B02D
27-193946-01,MURATA,LQP02TN1N5B02D
27-194929-01,MURATA,LQP02TN1N6B02D
27-195606-01,MURATA,LQP02TN1N7B02D
27-194930-01,MURATA,LQP02TN1N8B02D
27-196147-01,MURATA,LQP02TN1N9B02D
27-194225-01,MURATA,LQP02TN2N0B02D
27-194986-01,MURATA,LQP02TN2N1B02D
27-194826-02,MURATA,LQP02TN2N2B02D
27-197527-02,MURATA,LQP02TN2N3B02D
27-194931-01,MURATA,LQP02TN2N4B02D
27-195429-01,MURATA,LQP02TN2N5B02D
27-195446-01,MURATA,LQP02TN2N6B02D
27-193947-01,MURATA,LQP02TN2N7B02D
27-194987-01,MURATA,LQP02TN2N8B02D
27-197530-02,MURATA,LQP02TN2N9B02D
27-194932-01,MURATA,LQP02TN3N0B02D
27-100121-01,MURATA,LQP02TN3N1B02D
27-132203-01,MURATA,LQP02TN3N2B02D
27-194933-01,MURATA,LQP02TN3N3B02D
27-196427-01,MURATA,LQP02TN3N4B02D
27-197547-03,MURATA,LQP02TN3N5B02D
27-194934-01,MURATA,LQP02TN3N6B02D
27-195289-02,MURATA,LQP02TN3N7B02D
27-197548-02,MURATA,LQP02TN3N8B02D
27-194935-01,MURATA,LQP02TN3N9B02D
27-196426-01,MURATA,LQP02TN4N0B02D
27-197549-02,MURATA,LQP02TN4N1B02D
27-196409-01,MURATA,LQP02TN4N2B02D
27-194968-01,MURATA,LQP02TN4N3H02D
27-194808-02,MURATA,LQP02TN4N7H02D
27-196410-01,MURATA,LQP02TN5N1H02D
27-192113-02,MURATA,LQP02TN5N6H02D
152S1571-01,MURATA,LQP02TN5N6H02D
27-194406-01,MURATA,LQP02TN6N2H02D
27-194806-02,MURATA,LQP02TN6N8H02D
27-193069-01,MURATA,LQP02TN7N5H02D
27-193070-01,MURATA,LQP02TN8N2H02D
27-194907-01,MURATA,LQP02TN9N1H02D
27-100116-03,MURATA,LQP02TN10NH02D
27-194930-07,MURATA,LQP02HQ1N8B02E
27-196147-03,MURATA,LQP02HQ1N9B02E
27-194225-07,MURATA,LQP02HQ2N0B02E
27-194986-03,MURATA,LQP02HQ2N1B02E
27-194826-06,MURATA,LQP02HQ2N2B02E
27-197527-03,MURATA,LQP02HQ2N3B02E
27-194931-07,MURATA,LQP02HQ2N4B02E
27-195429-03,MURATA,LQP02HQ2N5B02E
27-195446-05,MURATA,LQP02HQ2N6B02E
27-193947-04,MURATA,LQP02HQ2N7B02E
27-194987-05,MURATA,LQP02HQ2N8B02E
27-197530-03,MURATA,LQP02HQ2N9B02E
27-194932-07,MURATA,LQP02HQ3N0B02E
27-100121-06,MURATA,LQP02HQ3N1B02E
27-132203-06,MURATA,LQP02HQ3N2B02E
27-194933-08,MURATA,LQP02HQ3N3B02E
27-196427-06,MURATA,LQP02HQ3N4B02E
27-197547-02,MURATA,LQP02HQ3N5B02E
06-200094-01,MURATA,GRM0335C1ER10WA01D
06-200042-04,MURATA,GRM0335C1ER20WA01D
06-200031-03,MURATA,GRM0335C1ER30WA01D
06-200044-05,MURATA,GRM0335C1ER40WA01D
06-200502-02,MURATA,GRM0335C1ER50WA01D
06-200062-05,MURATA,GRM0335C1ER60WA01D
06-200702-02,MURATA,GRM0335C1ER70WA01D
06-200801-02,MURATA,GRM0335C1ER80WA01D
06-200904-03,MURATA,GRM0335C1ER90WA01D
06-201018-09,MURATA,GRM0335C1E1R0BA01D
06-201028-04,MURATA,GRM0335C1E1R1BA01D
06-212907-06,MURATA,GRM0335C1E1R2BA01D
06-201042-04,MURATA,GRM0335C1E1R3BA01D
06-201043-02,MURATA,GRM0335C1E1R4BA01D
06-215920-06,MURATA,GRM0335C1E1R5BA01D
06-201033-04,MURATA,GRM0335C1E1R6BA01D
06-201056-02,MURATA,GRM0335C1E1R7BA01D
06-201091-03,MURATA,GRM0335C1E1R8BA01D
06-201057-02,MURATA,GRM0335C1E1R9BA01D
06-202014-06,MURATA,GRM0335C1E2R0BA01D
06-202038-02,MURATA,GRM0335C1E2R1BA01D
06-202071-07,MURATA,GRM0335C1E2R2BA01D
06-202039-02,MURATA,GRM0335C1E2R3BA01D
06-202031-03,MURATA,GRM0335C1E2R4BA01D
06-202040-02,MURATA,GRM0335C1E2R5BA01D
06-202041-02,MURATA,GRM0335C1E2R6BA01D
06-202016-02,MURATA,GRM0335C1E2R7BA01D
06-202042-03,MURATA,GRM0335C1E2R8BA01D
06-202043-02,MURATA,GRM0335C1E2R9BA01D
06-203025-03,MURATA,GRM0335C1E3R0BA01D
06-203039-02,MURATA,GRM0335C1E3R1BA01D
06-203021-02,MURATA,GRM0335C1E3R2BA01D
06-203026-03,MURATA,GRM0335C1E3R3BA01D
06-203040-02,MURATA,GRM0335C1E3R4BA01D
06-203041-02,MURATA,GRM0335C1E3R5BA01D
06-203062-05,MURATA,GRM0335C1E3R6BA01D
06-203056-02,MURATA,GRM0335C1E3R7BA01D
06-203042-02,MURATA,GRM0335C1E3R8BA01D
06-239907-06,MURATA,GRM0335C1E3R9BA01D
06-204027-02,MURATA,GRM0335C1E4R0BA01D
06-204037-02,MURATA,GRM0335C1E4R1BA01D
06-204038-02,MURATA,GRM0335C1E4R2BA01D
06-204018-03,MURATA,GRM0335C1E4R3BA01D
06-204039-02,MURATA,GRM0335C1E4R4BA01D
06-204040-02,MURATA,GRM0335C1E4R5BA01D
06-204041-02,MURATA,GRM0335C1E4R6BA01D
06-247913-04,MURATA,GRM0335C1E4R7BA01D
06-204042-02,MURATA,GRM0335C1E4R8BA01D
06-204043-02,MURATA,GRM0335C1E4R9BA01D
06-205024-02,MURATA,GRM0335C1E5R0BA01D
06-205042-02,MURATA,GRM0335C1E5R1BA01D
06-205043-02,MURATA,GRM0335C1E5R2BA01D
06-205044-02,MURATA,GRM0335C1E5R3BA01D
06-205045-02,MURATA,GRM0335C1E5R4BA01D
06-205046-02,MURATA,GRM0335C1E5R5BA01D
06-205015-09,MURATA,GRM0335C1E5R6BA01D
06-205047-02,MURATA,GRM0335C1E5R7BA01D
06-205048-02,MURATA,GRM0335C1E5R8BA01D
06-205049-02,MURATA,GRM0335C1E5R9BA01D
06-206071-03,MURATA,GRM0335C1E6R0BA01D
06-206031-02,MURATA,GRM0335C1E6R1BA01D
06-206032-02,MURATA,GRM0335C1E6R2BA01D
06-206033-02,MURATA,GRM0335C1E6R3BA01D
06-206034-02,MURATA,GRM0335C1E6R4BA01D
06-206035-02,MURATA,GRM0335C1E6R5BA01D
06-206036-02,MURATA,GRM0335C1E6R6BA01D
06-206037-02,MURATA,GRM0335C1E6R7BA01D
06-206099-01,MURATA,GRM0335C1E6R8BA01D
06-206038-02,MURATA,GRM0335C1E6R9BA01D
06-207044-01,MURATA,GRM0335C1E7R0BA01D
06-207031-02,MURATA,GRM0335C1E7R1BA01D
06-207032-02,MURATA,GRM0335C1E7R2BA01D
06-207033-02,MURATA,GRM0335C1E7R3BA01D
06-207034-02,MURATA,GRM0335C1E7R4BA01D
06-207013-01,MURATA,GRM0335C1E7R5BA01D
06-207036-02,MURATA,GRM0335C1E7R6BA01D
06-207037-02,MURATA,GRM0335C1E7R7BA01D
06-207038-02,MURATA,GRM0335C1E7R8BA01D
06-207039-02,MURATA,GRM0335C1E7R9BA01D
06-208014-01,MURATA,GRM0335C1E8R0BA01D
06-208051-02,MURATA,GRM0335C1E8R1BA01D
06-208033-04,MURATA,GRM0335C1E8R2BA01D
06-208053-02,MURATA,GRM0335C1E8R3BA01D
06-208045-02,MURATA,GRM0335C1E8R4BA01D
06-208046-02,MURATA,GRM0335C1E8R5BA01D
06-208047-02,MURATA,GRM0335C1E8R6BA01D
06-208048-02,MURATA,GRM0335C1E8R7BA01D
06-208049-02,MURATA,GRM0335C1E8R8BA01D
06-208050-02,MURATA,GRM0335C1E8R9BA01D
06-209029-02,MURATA,GRM0335C1E9R0BA01D
06-209010-02,MURATA,GRM0335C1E9R1BA01D
06-209030-02,MURATA,GRM0335C1E9R2BA01D
06-209031-02,MURATA,GRM0335C1E9R3BA01D
06-209032-02,MURATA,GRM0335C1E9R4BA01D
06-209033-02,MURATA,GRM0335C1E9R5BA01D
06-209034-02,MURATA,GRM0335C1E9R6BA01D
06-209035-02,MURATA,GRM0335C1E9R7BA01D
06-209036-02,MURATA,GRM0335C1E9R8BA01D
06-209037-02,MURATA,GRM0335C1E9R9BA01D
06-210013-16,MURATA,GRM0335C1E100JA01D
06-211006-03,MURATA,GRM0335C1E110JA01D
06-212018-11,MURATA,GRM0335C1E120JA01D
06-213014-01,MURATA,GRM0335C1E130JA01D
06-215022-11,MURATA,GRM0335C1E150JA01D
06-216007-01,MURATA,GRM0335C1E160JA01D
06-218020-09,MURATA,GRM0335C1E180JA01D
06-220016-05,MURATA,GRM0335C1E200JA01D
06-222040-11,MURATA,GRM0335C1E220JA01D
06-224007-03,MURATA,GRM0335C1E240JA01D
06-227017-12,MURATA,GRM0335C1E270JA01D
27-191271-03,MURATA,LQP03TN0N6B02D
27-090751-03,MURATA,LQP03TN0N7B02D
27-191378-03,MURATA,LQP03TN0N8B02D
27-191147-03,MURATA,LQP03TN0N9B02D
27-190849-07,MURATA,LQP03TN1N0B02D
27-100113-01,MURATA,LQP03TN1N1B02D
27-000310-02,MURATA,LQP03TN1N2B02D
27-101077-02,MURATA,LQP03TN1N3B02D
27-190842-03,MURATA,LQP03TN1N4B02D
27-190251-06,MURATA,LQP03TN1N5B02D
27-191765-01,MURATA,LQP03TN1N6B02D
27-195586-01,MURATA,LQP03TN1N7B02D
27-190844-07,MURATA,LQP03TN1N8B02D
27-191920-01,MURATA,LQP03TN1N9B02D
27-191438-03,MURATA,LQP03TN2N0B02D
27-121202-02,MURATA,LQP03TN2N1B02D
27-191985-02,MURATA,LQP03TN2N2B02D
27-193985-01,MURATA,LQP03TN2N3B02D
27-101090-04,MURATA,LQP03TN2N4B02D
27-101072-02,MURATA,LQP03TN2N5B02D
27-192265-02,MURATA,LQP03TN2N6B02D
27-190253-05,MURATA,LQP03TN2N7B02D
27-100188-02,MURATA,LQP03TN2N8B02D
27-192125-01,MURATA,LQP03TN2N9B02D
27-190907-06,MURATA,LQP03TN3N0B02D
27-191845-01,MURATA,LQP03TN3N1B02D
27-132201-02,MURATA,LQP03TN3N2B02D
27-101002-04,MURATA,LQP03TN3N3B02D
27-191846-01,MURATA,LQP03TN3N4B02D
27-192705-01,MURATA,LQP03TN3N5B02D
27-190804-03,MURATA,LQP03TN3N6B02D
27-047218-01,MURATA,LQP03TN3N7B02D
27-191251-01,MURATA,LQP03TN3N8B02D
27-191847-02,MURATA,LQP03TN3N9B02D
27-196406-01,MURATA,LQP03TN4N0B02D
27-100119-01,MURATA,LQP03TN4N1B02D
27-010035-01,MURATA,LQP03TN4N2B02D
27-191232-02,MURATA,LQP03TN4N3H02D
27-047215-02,MURATA,LQP03TN4N7H02D
27-100094-03,MURATA,LQP03TN5N1H02D
27-192112-01,MURATA,LQP03TN5N6H02D
27-191844-02,MURATA,LQP03TN6N2H02D
27-190840-04,MURATA,LQP03TN6N8H02D
27-190845-04,MURATA,LQP03TN7N5H02D
27-190843-04,MURATA,LQP03TN8N2H02D
27-192110-01,MURATA,LQP03TN9N1H02D
27-191439-02,MURATA,LQP03TN10NH02D
27-000165-02,MURATA,LQP15MN1N0B02D
27-197086-03,MURATA,LQP15MN1N1B02D
27-000152-02,MURATA,LQP15MN1N2B02D
27-000252-01,MURATA,LQP15MN1N3B02D
27-097173-01,MURATA,LQP15MN1N4W02D
27-000153-02,MURATA,LQP15MN1N5B02D
27-000160-02,MURATA,LQP15MN1N6B02D
27-101088-01,MURATA,LQP15MN1N8B02D
27-090326-01,MURATA,LQP15MN2N0B02D
27-000154-01,MURATA,LQP15MN2N2B02D
27-100069-01,MURATA,LQP15MN2N4B02D
27-000155-01,MURATA,LQP15MN2N7B02D
27-027201-01,MURATA,LQP15MN2N7B02D
27-196186-01,MURATA,LQP15MN2N8W02D
27-090768-01,MURATA,LQP15MN3N0B02D
27-000156-01,MURATA,LQP15MN3N3B02D
27-190847-01,MURATA,LQP15MN3N6B02D
27-191211-01,MURATA,LQP15MN3N8W02D
27-139201-01,MURATA,LQP15MN3N9B02D
27-100081-01,MURATA,LQP15MN4N3B02D
27-090261-01,MURATA,LQP15MN4N7B02D
27-197347-01,MURATA,LQP15MN5N1B02D
27-156205-01,MURATA,LQP15MN5N6B02D
27-139206-01,MURATA,LQP15MN6N2B02D
27-168209-01,MURATA,LQP15MN6N8B02D
27-190846-01,MURATA,LQP15MN7N5B02D
27-182218-02,MURATA,LQP15MN8N2B02D
27-192114-01,MURATA,LQP15MN9N1B02D
27-190126-01,MURATA,LQP15MN10NG02D
27-000236-01,MURATA,LQP15MN12NG02D
27-090995-01,MURATA,LQP15MN15NG02D
27-090996-01,MURATA,LQP15MN18NG02D
27-122005-01,MURATA,LQP15MN22NG02D
06-200202-03,MURATA,GRM1555C1ER20WA01D
06-200081-07,WALSIN,0402N0R2A500CT
06-200201-07,WALSIN,0402N0R2B500CT
06-200018-02,MURATA,GRM1555C1ER30WA01D
06-200088-05,WALSIN,0402N0R3A500CT
06-200022-09,WALSIN,0402N0R3B500CT
06-200401-03,MURATA,GRM1555C1ER40WA01D
06-200403-02,WALSIN,0402N0R4A500CT
06-200402-05,WALSIN,0402N0R4B500CT
06-205908-03,MURATA,GRM1555C1ER50WA01D
06-205910-04,WALSIN,0402N0R5A500CT
06-205904-20,WALSIN,0402N0R5B500CT
06-200102-01,MURATA,GRM1555C1ER60WA01D
06-200087-05,WALSIN,0402N0R6A500CT
06-200084-07,WALSIN,0402N0R6B500CT
06-200099-01,MURATA,GRM1555C1ER70WA01D
06-207903-02,WALSIN,0402N0R7A500CT
06-200211-01,WALSIN,0402N0R7B500CT
06-200100-01,MURATA,GRM1555C1ER80WA01D
06-200069-02,WALSIN,0402N0R8A500CT
06-200005-07,WALSIN,0402N0R8B500CT
06-200101-01,MURATA,GRM1555C1ER90WA01D
06-200079-02,WALSIN,0402N0R9A500CT
06-200072-04,WALSIN,0402N0R9B500CT
06-201111-01,MURATA,GRM1555C1E1R0WA01D
06-201023-14,WALSIN,0402N1R0B500CT
06-201112-01,MURATA,GRM1555C1E1R1WA01D
06-301006-01,WALSIN,0402N1R1B500CT
06-201113-01,MURATA,GRM1555C1E1R2WA01D
06-201021-14,WALSIN,0402N1R2B500CT
06-201114-01,MURATA,GRM1555C1E1R3WA01D
06-213906-06,WALSIN,0402N1R3B500CT
06-201115-01,MURATA,GRM1555C1E1R4WA01D
06-201103-02,WALSIN,0402N1R4B500CT
06-201116-01,MURATA,GRM1555C1E1R5WA01D
06-215909-14,WALSIN,0402N1R5B500CT
06-201117-01,MURATA,GRM1555C1E1R6WA01D
06-201089-03,WALSIN,0402N1R6B500CT
06-201118-01,MURATA,GRM1555C1E1R7WA01D
06-201110-01,WALSIN,0402N1R7B500CT
06-201119-01,MURATA,GRM1555C1E1R8WA01D
06-201013-16,WALSIN,0402N1R8B500CT
06-201120-01,MURATA,GRM1555C1E1R9WA01D
06-201122-01,WALSIN,0402N1R9B500CT
06-202100-01,MURATA,GRM1555C1E2R0WA01D
06-202005-04,WALSIN,0402N2R0B500CT
06-202101-01,MURATA,GRM1555C1E2R1WA01D
06-202084-02,WALSIN,0402N2R1B500CT
06-202102-01,MURATA,GRM1555C1E2R2WA01D
06-222902-05,MURATA,GRM1555C1E2R2BA01D
06-202003-16,WALSIN,0402N2R2B500CT
06-202103-01,MURATA,GRM1555C1E2R3WA01D
06-202064-01,WALSIN,0402N2R3B500CT
06-202104-01,MURATA,GRM1555C1E2R4WA01D
06-202055-02,WALSIN,0402N2R4B500CT
06-202105-01,MURATA,GRM1555C1E2R5WA01D
06-202067-01,WALSIN,0402N2R5B500CT
06-202106-01,MURATA,GRM1555C1E2R6WA01D
06-202068-01,WALSIN,0402N2R6B500CT
06-202107-01,MURATA,GRM1555C1E2R7WA01D
06-202078-04,MURATA,GRM1555C1E2R7BA01D
06-202074-06,WALSIN,0402N2R7B500CT
06-202108-01,MURATA,GRM1555C1E2R8WA01D
06-202069-01,WALSIN,0402N2R8B500CT
06-202109-01,MURATA,GRM1555C1E2R9WA01D
06-202086-01,WALSIN,0402N2R9B500CT
06-203080-01,MURATA,GRM1555C1E3R0WA01D
06-203006-03,WALSIN,0402N3R0B500CT
06-203081-01,MURATA,GRM1555C1E3R1WA01D
06-203073-01,WALSIN,0402N3R1B500CT
06-203082-01,MURATA,GRM1555C1E3R2WA01D
06-203074-01,WALSIN,0402N3R2B500CT
06-203083-01,MURATA,GRM1555C1E3R3WA01D
06-203007-09,WALSIN,0402N3R3B500CT
06-203084-01,MURATA,GRM1555C1E3R4WA01D
06-203075-01,WALSIN,0402N3R4B500CT
06-203085-01,MURATA,GRM1555C1E3R5WA01D
06-203076-01,WALSIN,0402N3R5B500CT
06-203086-01,MURATA,GRM1555C1E3R6WA01D
06-203043-04,WALSIN,0402N3R6B500CT
06-203087-01,MURATA,GRM1555C1E3R7WA01D
06-203077-01,WALSIN,0402N3R7B500CT
06-203088-01,MURATA,GRM1555C1E3R8WA01D
06-203078-01,WALSIN,0402N3R8B500CT
06-203089-01,MURATA,GRM1555C1E3R9WA01D
06-203014-08,WALSIN,0402N3R9B500CT
06-204100-01,MURATA,GRM1555C1E4R0WA01D
06-240908-04,WALSIN,0402N4R0B500CT
06-204101-01,MURATA,GRM1555C1E4R1WA01D
06-204103-01,WALSIN,0402N4R1B500CT
06-204102-01,MURATA,GRM1555C1E4R2WA01D
06-204104-01,WALSIN,0402N4R2B500CT
06-204093-01,MURATA,GRM1555C1E4R3WA01D
06-204025-02,WALSIN,0402N4R3B500CT
06-204094-01,MURATA,GRM1555C1E4R4WA01D
06-204105-01,WALSIN,0402N4R4B500CT
06-204095-01,MURATA,GRM1555C1E4R5WA01D
06-204106-01,WALSIN,0402N4R5B500CT
06-204096-01,MURATA,GRM1555C1E4R6WA01D
06-204107-01,WALSIN,0402N4R6B500CT
06-204097-01,MURATA,GRM1555C1E4R7WA01D
06-204011-14,WALSIN,0402N4R7B500CT
06-204098-01,MURATA,GRM1555C1E4R8WA01D
06-204108-01,WALSIN,0402N4R8B500CT
06-204099-01,MURATA,GRM1555C1E4R9WA01D
06-204109-01,WALSIN,0402N4R9B500CT
06-205090-01,MURATA,GRM1555C1E5R0WA01D
06-205069-10,WALSIN,0402N5R0B500CT
06-205091-01,MURATA,GRM1555C1E5R1WA01D
06-205083-04,WALSIN,0402N5R1B500CT
06-205092-01,MURATA,GRM1555C1E5R2WA01D
06-205052-01,WALSIN,0402N5R2B500CT
06-205093-01,MURATA,GRM1555C1E5R3WA01D
06-205053-01,WALSIN,0402N5R3B500CT
06-205094-01,MURATA,GRM1555C1E5R4WA01D
06-205054-01,WALSIN,0402N5R4B500CT
06-205095-01,MURATA,GRM1555C1E5R5WA01D
06-205055-01,WALSIN,0402N5R5B500CT
06-205096-01,MURATA,GRM1555C1E5R6WA01D
06-205068-07,WALSIN,0402N5R6B500CT
06-205097-01,MURATA,GRM1555C1E5R7WA01D
06-205056-01,WALSIN,0402N5R7B500CT
06-205098-01,MURATA,GRM1555C1E5R8WA01D
06-205057-01,WALSIN,0402N5R8B500CT
06-205099-01,MURATA,GRM1555C1E5R9WA01D
06-205058-01,WALSIN,0402N5R9B500CT
06-206060-01,MURATA,GRM1555C1E6R0WA01D
06-206013-06,WALSIN,0402N6R0B500CT
06-206061-01,MURATA,GRM1555C1E6R1WA01D
06-206056-01,WALSIN,0402N6R1B500CT
06-206062-01,MURATA,GRM1555C1E6R2WA01D
06-206058-01,WALSIN,0402N6R2B500CT
06-206063-01,MURATA,GRM1555C1E6R3WA01D
06-206057-01,WALSIN,0402N6R3B500CT
06-206064-01,MURATA,GRM1555C1E6R4WA01D
06-206059-01,WALSIN,0402N6R4B500CT
06-206065-01,MURATA,GRM1555C1E6R5WA01D
06-206070-01,WALSIN,0402N6R5B500CT
06-206066-01,MURATA,GRM1555C1E6R6WA01D
06-206072-01,WALSIN,0402N6R6B500CT
06-206067-01,MURATA,GRM1555C1E6R7WA01D
06-206073-01,WALSIN,0402N6R7B500CT
06-206068-01,MURATA,GRM1555C1E6R8WA01D
06-206086-15,WALSIN,0402N6R8B500CT
06-206069-01,MURATA,GRM1555C1E6R9WA01D
06-206074-01,WALSIN,0402N6R9B500CT
06-207050-01,MURATA,GRM1555C1E7R0WA01D
06-207011-05,WALSIN,0402N7R0B500CT
06-207051-01,MURATA,GRM1555C1E7R1WA01D
06-207806-01,WALSIN,0402N7R1B500CT
06-207052-01,MURATA,GRM1555C1E7R2WA01D
06-207807-01,WALSIN,0402N7R2B500CT
06-207053-01,MURATA,GRM1555C1E7R3WA01D
06-207808-01,WALSIN,0402N7R3B500CT
06-207054-01,MURATA,GRM1555C1E7R4WA01D
06-207809-01,WALSIN,0402N7R4B500CT
06-207055-01,MURATA,GRM1555C1E7R5WA01D
06-207007-05,WALSIN,0402N7R5B500CT
06-207056-01,MURATA,GRM1555C1E7R6WA01D
06-207811-01,WALSIN,0402N7R6B500CT
06-207057-01,MURATA,GRM1555C1E7R7WA01D
06-207812-01,WALSIN,0402N7R7B500CT
06-207058-01,MURATA,GRM1555C1E7R8WA01D
06-207042-02,WALSIN,0402N7R8B500CT
06-207059-01,MURATA,GRM1555C1E7R9WA01D
06-207814-01,WALSIN,0402N7R9B500CT
06-208070-01,MURATA,GRM1555C1E8R0WA01D
06-208013-03,WALSIN,0402N8R0B500CT
06-208071-01,MURATA,GRM1555C1E8R1WA01D
06-208067-01,WALSIN,0402N8R1B500CT
06-208072-01,MURATA,GRM1555C1E8R2WA01D
06-208004-07,WALSIN,0402N8R2B500CT
06-208073-01,MURATA,GRM1555C1E8R3WA01D
06-208069-01,WALSIN,0402N8R3B500CT
06-208074-01,MURATA,GRM1555C1E8R4WA01D
06-208068-01,WALSIN,0402N8R4B500CT
06-208075-01,MURATA,GRM1555C1E8R5WA01D
06-208081-01,WALSIN,0402N8R5B500CT
06-208076-01,MURATA,GRM1555C1E8R6WA01D
06-208082-01,WALSIN,0402N8R6B500CT
06-208077-01,MURATA,GRM1555C1E8R7WA01D
06-208083-01,WALSIN,0402N8R7B500CT
06-208078-01,MURATA,GRM1555C1E8R8WA01D
06-208084-01,WALSIN,0402N8R8B500CT
06-208079-01,MURATA,GRM1555C1E8R9WA01D
06-208085-01,WALSIN,0402N8R9B500CT
06-209060-01,MURATA,GRM1555C1E9R0WA01D
06-209048-02,WALSIN,0402N9R0B500CT
06-209061-01,MURATA,GRM1555C1E9R1WA01D
06-209018-02,WALSIN,0402N9R1B500CT
06-209062-01,MURATA,GRM1555C1E9R2WA01D
06-209071-01,WALSIN,0402N9R2B500CT
06-209063-01,MURATA,GRM1555C1E9R3WA01D
06-209072-01,WALSIN,0402N9R3B500CT
06-209064-01,MURATA,GRM1555C1E9R4WA01D
06-209073-01,WALSIN,0402N9R4B500CT
06-209065-01,MURATA,GRM1555C1E9R5WA01D
06-209074-01,WALSIN,0402N9R5B500CT
06-209066-01,MURATA,GRM1555C1E9R6WA01D
06-209075-01,WALSIN,0402N9R6B500CT
06-209067-01,MURATA,GRM1555C1E9R7WA01D
06-209076-01,WALSIN,0402N9R7B500CT
06-209068-01,MURATA,GRM1555C1E9R8WA01D
06-209077-01,WALSIN,0402N9R8B500CT
06-209069-01,MURATA,GRM1555C1E9R9WA01D
06-209078-01,WALSIN,0402N9R9B500CT
06-210026-10,MURATA,GRM1555C1E100JA01D
06-310002-01,WALSIN,0402N100J500CT
06-211013-01,MURATA,GRM1555C1E110JA01D
06-211002-04,WALSIN,0402N110J500CT
06-212021-03,MURATA,GRM1555C1E120JA01D
06-212008-25,WALSIN,0402N120J500CT
06-213015-01,MURATA,GRM1555C1E130JA01D
06-213012-03,WALSIN,0402N130J500CT
06-215027-06,MURATA,GRM1555C1E150JA01D
06-215008-37,WALSIN,0402N150J500CT
06-216011-01,MURATA,GRM1555C1E160JA01D
06-216003-07,WALSIN,0402N160J500CT
06-218017-04,MURATA,GRM1555C1E180JA01D
06-218005-31,WALSIN,0402N180J500CT
06-220014-01,MURATA,GRM1555C1E200JA01D
06-220005-10,WALSIN,0402N200J500CT
06-222030-09,MURATA,GRM1555C1E220JA01D
06-222018-33,WALSIN,0402N220J500CT
06-224011-01,MURATA,GRM1555C1E240JA01D
06-224005-09,WALSIN,0402N240J500CT
06-227019-05,MURATA,GRM1555C1E270JA01D
06-227009-31,WALSIN,0402N270J500CT
